iter	AverageGain:top=10
0	0.04144385027
1	0.04665775401
2	0.04705882353
3	0.05120320856
4	0.05200534759
5	0.05080213904
6	0.05080213904
7	0.05093582888
8	0.05013368984
9	0.05026737968
10	0.05187165775
11	0.05200534759
12	0.05187165775
13	0.05307486631
14	0.05347593583
15	0.05441176471
16	0.05387700535
17	0.05454545455
18	0.05401069519
19	0.05347593583
20	0.05427807487
21	0.05481283422
22	0.05494652406
23	0.05454545455
24	0.05467914439
25	0.05441176471
26	0.05387700535
27	0.05360962567
28	0.05481283422
29	0.05481283422
30	0.05481283422
31	0.0550802139
32	0.05521390374
33	0.0550802139
34	0.05494652406
35	0.05481283422
36	0.05521390374
37	0.05441176471
38	0.05441176471
39	0.05441176471
40	0.05454545455
41	0.05454545455
42	0.05494652406
43	0.05521390374
44	0.05561497326
45	0.0550802139
46	0.05414438503
47	0.05414438503
48	0.05427807487
49	0.05414438503
50	0.0550802139
51	0.05494652406
52	0.05414438503
53	0.05427807487
54	0.05401069519
55	0.05401069519
56	0.05414438503
57	0.05401069519
58	0.05454545455
59	0.05414438503
60	0.05454545455
61	0.05441176471
62	0.05521390374
63	0.05494652406
64	0.05548128342
65	0.05548128342
66	0.05534759358
67	0.05548128342
68	0.0557486631
69	0.05655080214
70	0.05695187166
71	0.05628342246
72	0.05668449198
73	0.05668449198
74	0.05668449198
75	0.05762032086
76	0.05695187166
77	0.05788770053
78	0.05828877005
79	0.0577540107
80	0.05762032086
81	0.05802139037
82	0.05762032086
83	0.05762032086
84	0.05735294118
85	0.05815508021
86	0.0577540107
87	0.05788770053
88	0.0577540107
89	0.05762032086
90	0.05762032086
91	0.0577540107
92	0.05762032086
93	0.0577540107
94	0.05815508021
95	0.05815508021
96	0.05828877005
97	0.05895721925
98	0.05895721925
99	0.05828877005
100	0.05855614973
101	0.05868983957
102	0.05842245989
103	0.05802139037
104	0.05788770053
105	0.05842245989
106	0.05882352941
107	0.05895721925
108	0.05909090909
109	0.05882352941
110	0.05855614973
111	0.05895721925
112	0.05909090909
113	0.05922459893
114	0.05895721925
115	0.05949197861
116	0.05962566845
117	0.06002673797
118	0.06002673797
119	0.06042780749
120	0.06056149733
121	0.06082887701
122	0.06056149733
123	0.06082887701
124	0.06082887701
125	0.06096256684
126	0.06082887701
127	0.06069518717
128	0.06069518717
129	0.06069518717
130	0.06082887701
131	0.06082887701
132	0.06136363636
133	0.06176470588
134	0.06176470588
135	0.0614973262
136	0.06176470588
137	0.06176470588
138	0.06189839572
139	0.06189839572
140	0.06189839572
141	0.06203208556
142	0.0621657754
143	0.06229946524
144	0.06229946524
145	0.0621657754
146	0.06203208556
147	0.06229946524
148	0.0621657754
149	0.06256684492
150	0.06243315508
151	0.0621657754
152	0.06256684492
153	0.0628342246
154	0.06296791444
155	0.06310160428
156	0.0628342246
157	0.0628342246
158	0.06296791444
159	0.06310160428
160	0.06310160428
161	0.06323529412
162	0.06377005348
163	0.06363636364
164	0.0635026738
165	0.06377005348
166	0.06403743316
167	0.06377005348
168	0.06443850267
169	0.06430481283
170	0.06430481283
171	0.06403743316
172	0.06377005348
173	0.06377005348
174	0.06377005348
175	0.06510695187
176	0.06470588235
177	0.06470588235
178	0.06497326203
179	0.06524064171
180	0.06510695187
181	0.06524064171
182	0.06524064171
183	0.06524064171
184	0.06524064171
185	0.06537433155
186	0.06550802139
187	0.06577540107
188	0.06577540107
189	0.06590909091
190	0.06577540107
191	0.06590909091
192	0.06590909091
193	0.06590909091
194	0.06564171123
195	0.06590909091
196	0.06590909091
197	0.06617647059
198	0.06604278075
199	0.06617647059
200	0.06564171123
201	0.06590909091
202	0.06590909091
203	0.06604278075
204	0.06604278075
205	0.06590909091
206	0.06590909091
207	0.06617647059
208	0.06657754011
209	0.06644385027
210	0.06644385027
211	0.06657754011
212	0.06657754011
213	0.06644385027
214	0.06644385027
215	0.06644385027
216	0.06657754011
217	0.06617647059
218	0.06590909091
219	0.06577540107
220	0.06604278075
221	0.06604278075
222	0.06590909091
223	0.06604278075
224	0.06644385027
225	0.06657754011
226	0.06617647059
227	0.06617647059
228	0.06631016043
229	0.06617647059
230	0.06604278075
231	0.06604278075
232	0.06617647059
233	0.06617647059
234	0.06644385027
235	0.06657754011
236	0.06671122995
237	0.06671122995
238	0.06671122995
239	0.06671122995
240	0.06684491979
241	0.06671122995
242	0.06671122995
243	0.06671122995
244	0.06671122995
245	0.06671122995
246	0.06671122995
247	0.06657754011
248	0.06657754011
249	0.06671122995
250	0.06671122995
251	0.06671122995
252	0.06657754011
253	0.06657754011
254	0.06671122995
255	0.06684491979
256	0.06697860963
257	0.06711229947
258	0.06711229947
259	0.06737967914
260	0.06737967914
261	0.06751336898
262	0.06751336898
263	0.06751336898
264	0.06751336898
265	0.06751336898
266	0.06764705882
267	0.06764705882
268	0.06764705882
269	0.06764705882
270	0.06778074866
271	0.06751336898
272	0.06778074866
273	0.06737967914
274	0.06751336898
275	0.06764705882
276	0.06751336898
277	0.06751336898
278	0.06764705882
279	0.06778074866
280	0.0679144385
281	0.0679144385
282	0.0679144385
283	0.0679144385
284	0.0679144385
285	0.0679144385
286	0.0679144385
287	0.06804812834
288	0.06804812834
289	0.06831550802
290	0.06831550802
291	0.06804812834
292	0.06778074866
293	0.06778074866
294	0.06778074866
295	0.06778074866
296	0.06778074866
297	0.06764705882
298	0.06764705882
299	0.06764705882
300	0.06764705882
301	0.06751336898
302	0.06737967914
303	0.06751336898
304	0.06737967914
305	0.06751336898
306	0.06764705882
307	0.06764705882
308	0.06764705882
309	0.06764705882
310	0.06778074866
311	0.06778074866
312	0.0685828877
313	0.06844919786
314	0.0685828877
315	0.06831550802
316	0.06831550802
317	0.06844919786
318	0.06844919786
319	0.06831550802
320	0.06871657754
321	0.06885026738
322	0.06885026738
323	0.06871657754
324	0.06885026738
325	0.06885026738
326	0.06885026738
327	0.06885026738
328	0.06885026738
329	0.06885026738
330	0.0685828877
331	0.06871657754
332	0.06871657754
333	0.0685828877
334	0.0685828877
335	0.0685828877
336	0.0685828877
337	0.0685828877
338	0.0685828877
339	0.06885026738
340	0.06885026738
341	0.06885026738
342	0.06885026738
343	0.06885026738
344	0.06885026738
345	0.06898395722
346	0.06885026738
347	0.06871657754
348	0.06844919786
349	0.06871657754
350	0.06898395722
351	0.06938502674
352	0.06938502674
353	0.06938502674
354	0.06951871658
355	0.06951871658
356	0.06965240642
357	0.06965240642
358	0.06938502674
359	0.06965240642
360	0.06951871658
361	0.06951871658
362	0.06911764706
363	0.06965240642
364	0.06951871658
365	0.06951871658
366	0.06951871658
367	0.0692513369
368	0.06938502674
369	0.06938502674
370	0.06938502674
371	0.06965240642
372	0.06978609626
373	0.06951871658
374	0.06938502674
375	0.06951871658
376	0.06951871658
377	0.06951871658
378	0.06951871658
379	0.06938502674
380	0.06938502674
381	0.06951871658
382	0.06951871658
383	0.06938502674
384	0.06951871658
385	0.06938502674
386	0.06938502674
387	0.06938502674
388	0.06938502674
389	0.06951871658
390	0.06938502674
391	0.06938502674
392	0.0692513369
393	0.06951871658
394	0.06965240642
395	0.06978609626
396	0.06978609626
397	0.0699197861
398	0.07005347594
399	0.07005347594
400	0.07018716578
401	0.07018716578
402	0.07018716578
403	0.07045454545
404	0.07032085561
405	0.07018716578
406	0.07032085561
407	0.07018716578
408	0.07032085561
409	0.07032085561
410	0.07032085561
411	0.07058823529
412	0.07058823529
413	0.07058823529
414	0.07072192513
415	0.07098930481
416	0.07085561497
417	0.07098930481
418	0.07112299465
419	0.07112299465
420	0.07072192513
421	0.07085561497
422	0.07085561497
423	0.07085561497
424	0.07085561497
425	0.07058823529
426	0.07058823529
427	0.07072192513
428	0.07072192513
429	0.07085561497
430	0.07098930481
431	0.07112299465
432	0.07098930481
433	0.07098930481
434	0.07112299465
435	0.07085561497
436	0.07085561497
437	0.07085561497
438	0.07112299465
439	0.07112299465
440	0.07112299465
441	0.07098930481
442	0.07098930481
443	0.07112299465
444	0.07125668449
445	0.07125668449
446	0.07139037433
447	0.07139037433
448	0.07139037433
449	0.07152406417
450	0.07139037433
451	0.07179144385
452	0.07179144385
453	0.07165775401
454	0.07152406417
455	0.07165775401
456	0.07165775401
457	0.07165775401
458	0.07179144385
459	0.07179144385
460	0.07179144385
461	0.07179144385
462	0.07179144385
463	0.07179144385
464	0.07179144385
465	0.07165775401
466	0.07165775401
467	0.07179144385
468	0.07179144385
469	0.07179144385
470	0.07179144385
471	0.07179144385
472	0.07192513369
473	0.07192513369
474	0.07205882353
475	0.07205882353
476	0.07205882353
477	0.07205882353
478	0.07205882353
479	0.07219251337
480	0.07219251337
481	0.07219251337
482	0.07219251337
483	0.07232620321
484	0.07245989305
485	0.07245989305
486	0.07245989305
487	0.07232620321
488	0.07245989305
489	0.07232620321
490	0.07232620321
491	0.07219251337
492	0.07232620321
493	0.07245989305
494	0.07259358289
495	0.07259358289
496	0.07259358289
497	0.07259358289
498	0.07232620321
499	0.07232620321
500	0.07232620321
501	0.07232620321
502	0.07232620321
503	0.07232620321
504	0.07245989305
505	0.07245989305
506	0.07232620321
507	0.07219251337
508	0.07232620321
509	0.07245989305
510	0.07219251337
511	0.07219251337
512	0.07219251337
513	0.07232620321
514	0.07232620321
515	0.07232620321
516	0.07232620321
517	0.07232620321
518	0.07232620321
519	0.07219251337
520	0.07219251337
521	0.07232620321
522	0.07232620321
523	0.07232620321
524	0.07232620321
525	0.07232620321
526	0.07232620321
527	0.07272727273
528	0.07272727273
529	0.07272727273
530	0.07272727273
531	0.07272727273
532	0.07272727273
533	0.07299465241
534	0.07299465241
535	0.07299465241
536	0.07272727273
537	0.07272727273
538	0.07272727273
539	0.07299465241
540	0.07299465241
541	0.07286096257
542	0.07286096257
543	0.07312834225
544	0.07312834225
545	0.07339572193
546	0.07326203209
547	0.07339572193
548	0.07379679144
549	0.07379679144
550	0.07393048128
551	0.07393048128
552	0.07379679144
553	0.07393048128
554	0.0736631016
555	0.0736631016
556	0.07339572193
557	0.07352941176
558	0.0736631016
559	0.0736631016
560	0.07352941176
561	0.07352941176
562	0.07352941176
563	0.0736631016
564	0.0736631016
565	0.07379679144
566	0.07379679144
567	0.07393048128
568	0.07379679144
569	0.0736631016
570	0.0736631016
571	0.07379679144
572	0.0736631016
573	0.0736631016
574	0.0736631016
575	0.07379679144
576	0.07379679144
577	0.07393048128
578	0.07393048128
579	0.07406417112
580	0.07393048128
581	0.07393048128
582	0.07393048128
583	0.07393048128
584	0.07393048128
585	0.07379679144
586	0.07379679144
587	0.07393048128
588	0.07393048128
589	0.07393048128
590	0.07419786096
591	0.0743315508
592	0.07473262032
593	0.07459893048
594	0.07459893048
595	0.07459893048
596	0.07486631016
597	0.07486631016
598	0.07486631016
599	0.07486631016
600	0.07486631016
601	0.07486631016
602	0.07486631016
603	0.07473262032
604	0.075
605	0.075
606	0.075
607	0.075
608	0.07513368984
609	0.07526737968
610	0.07526737968
611	0.07513368984
612	0.07540106952
613	0.075
614	0.07513368984
615	0.07513368984
616	0.07526737968
617	0.07526737968
618	0.07540106952
619	0.07553475936
620	0.07526737968
621	0.07526737968
622	0.07540106952
623	0.07553475936
624	0.07540106952
625	0.07553475936
626	0.0756684492
627	0.07540106952
628	0.07540106952
629	0.07540106952
630	0.07580213904
631	0.07606951872
632	0.07606951872
633	0.0763368984
634	0.07620320856
635	0.0763368984
636	0.0763368984
637	0.07620320856
638	0.07647058824
639	0.0763368984
640	0.0763368984
641	0.07620320856
642	0.07660427807
643	0.07660427807
644	0.07660427807
645	0.07660427807
646	0.07647058824
647	0.07647058824
648	0.07647058824
649	0.07647058824
650	0.07660427807
651	0.07660427807
652	0.07673796791
653	0.07660427807
654	0.07647058824
655	0.07647058824
656	0.07660427807
657	0.07660427807
658	0.07660427807
659	0.07673796791
660	0.07673796791
661	0.07660427807
662	0.07673796791
663	0.07687165775
664	0.07687165775
665	0.07700534759
666	0.07700534759
667	0.07673796791
668	0.07687165775
669	0.07700534759
670	0.07687165775
671	0.07700534759
672	0.07673796791
673	0.07687165775
674	0.07700534759
675	0.07687165775
676	0.07700534759
677	0.07660427807
678	0.07687165775
679	0.07687165775
680	0.07687165775
681	0.07687165775
682	0.07700534759
683	0.07727272727
684	0.07713903743
685	0.07754010695
686	0.07727272727
687	0.07727272727
688	0.07727272727
689	0.07740641711
690	0.07727272727
691	0.07754010695
692	0.07727272727
693	0.07727272727
694	0.07727272727
695	0.07727272727
696	0.07767379679
697	0.07767379679
698	0.07780748663
699	0.07780748663
700	0.07794117647
701	0.07794117647
702	0.07794117647
703	0.07794117647
704	0.07807486631
705	0.07807486631
706	0.07807486631
707	0.07794117647
708	0.07780748663
709	0.07780748663
710	0.07780748663
711	0.07780748663
712	0.07820855615
713	0.07860962567
714	0.07847593583
715	0.07860962567
716	0.07860962567
717	0.07847593583
718	0.07847593583
719	0.07860962567
720	0.07860962567
721	0.07847593583
722	0.07847593583
723	0.07860962567
724	0.07847593583
725	0.07847593583
726	0.07874331551
727	0.07874331551
728	0.07874331551
729	0.07887700535
730	0.07901069519
731	0.07901069519
732	0.07914438503
733	0.07914438503
734	0.07914438503
735	0.07901069519
736	0.07887700535
737	0.07887700535
738	0.07901069519
739	0.07901069519
740	0.07927807487
741	0.07901069519
742	0.07901069519
743	0.07927807487
744	0.07927807487
745	0.07941176471
746	0.07927807487
747	0.07927807487
748	0.07927807487
749	0.07941176471
750	0.07941176471
751	0.07941176471
752	0.07927807487
753	0.07927807487
754	0.07941176471
755	0.07941176471
756	0.07927807487
757	0.07914438503
758	0.07914438503
759	0.07901069519
760	0.07901069519
761	0.07901069519
762	0.07901069519
763	0.07914438503
764	0.07927807487
765	0.07927807487
766	0.07927807487
767	0.07954545455
768	0.07941176471
769	0.07967914439
770	0.07981283422
771	0.07981283422
772	0.07994652406
773	0.07981283422
774	0.07994652406
775	0.0800802139
776	0.08021390374
777	0.08034759358
778	0.08021390374
779	0.08048128342
780	0.08061497326
781	0.08048128342
782	0.08048128342
783	0.08034759358
784	0.08034759358
785	0.08034759358
786	0.08048128342
787	0.0807486631
788	0.0807486631
789	0.0807486631
790	0.0807486631
791	0.0807486631
792	0.0807486631
793	0.0807486631
794	0.0807486631
795	0.08061497326
796	0.08061497326
797	0.08061497326
798	0.08061497326
799	0.08061497326
800	0.08101604278
801	0.08101604278
802	0.08101604278
803	0.08101604278
804	0.08088235294
805	0.08088235294
806	0.08101604278
807	0.08101604278
808	0.08114973262
809	0.08114973262
810	0.08114973262
811	0.08114973262
812	0.08114973262
813	0.08114973262
814	0.08101604278
815	0.08101604278
816	0.08128342246
817	0.08101604278
818	0.08128342246
819	0.08128342246
820	0.08101604278
821	0.08088235294
822	0.08101604278
823	0.08088235294
824	0.08061497326
825	0.08061497326
826	0.08061497326
827	0.0807486631
828	0.0807486631
829	0.0807486631
830	0.0807486631
831	0.08088235294
832	0.08088235294
833	0.08088235294
834	0.08088235294
835	0.08088235294
836	0.08101604278
837	0.08101604278
838	0.08101604278
839	0.08101604278
840	0.08101604278
841	0.08101604278
842	0.08114973262
843	0.08101604278
844	0.0807486631
845	0.08088235294
846	0.08114973262
847	0.08114973262
848	0.08114973262
849	0.08114973262
850	0.08114973262
851	0.08114973262
852	0.08128342246
853	0.08114973262
854	0.08101604278
855	0.08128342246
856	0.08128342246
857	0.08155080214
858	0.08155080214
859	0.08155080214
860	0.08155080214
861	0.08155080214
862	0.0814171123
863	0.08155080214
864	0.08155080214
865	0.08181818182
866	0.08181818182
867	0.08168449198
868	0.08155080214
869	0.08181818182
870	0.08181818182
871	0.08181818182
872	0.08181818182
873	0.08168449198
874	0.08168449198
875	0.08168449198
876	0.08155080214
877	0.08168449198
878	0.08181818182
879	0.08195187166
880	0.08195187166
881	0.08195187166
882	0.08181818182
883	0.08195187166
884	0.08195187166
885	0.08195187166
886	0.08195187166
887	0.0820855615
888	0.08235294118
889	0.08235294118
890	0.08221925134
891	0.08235294118
892	0.08235294118
893	0.08221925134
894	0.0820855615
895	0.0820855615
896	0.0820855615
897	0.08235294118
898	0.08235294118
899	0.08235294118
900	0.08235294118
901	0.08235294118
902	0.08235294118
903	0.08248663102
904	0.08262032086
905	0.08262032086
906	0.08235294118
907	0.08235294118
908	0.08248663102
909	0.08248663102
910	0.08248663102
911	0.08248663102
912	0.08248663102
913	0.08262032086
914	0.08262032086
915	0.08262032086
916	0.08262032086
917	0.0827540107
918	0.0827540107
919	0.08262032086
920	0.08288770053
921	0.08288770053
922	0.08288770053
923	0.0827540107
924	0.0827540107
925	0.0827540107
926	0.0827540107
927	0.0827540107
928	0.0827540107
929	0.0827540107
930	0.0827540107
931	0.0827540107
932	0.08262032086
933	0.0827540107
934	0.0827540107
935	0.0827540107
936	0.0827540107
937	0.08288770053
938	0.0827540107
939	0.0827540107
940	0.0827540107
941	0.0827540107
942	0.0827540107
943	0.0827540107
944	0.0827540107
945	0.08302139037
946	0.08302139037
947	0.08302139037
948	0.08302139037
949	0.08288770053
950	0.08288770053
951	0.08288770053
952	0.08288770053
953	0.08288770053
954	0.08315508021
955	0.08302139037
956	0.08302139037
957	0.08302139037
958	0.08302139037
959	0.08315508021
960	0.08328877005
961	0.08315508021
962	0.08288770053
963	0.08302139037
964	0.08302139037
965	0.08302139037
966	0.08315508021
967	0.08328877005
968	0.08342245989
969	0.08328877005
970	0.08342245989
971	0.08368983957
972	0.08368983957
973	0.08368983957
974	0.08382352941
975	0.08382352941
976	0.08368983957
977	0.08355614973
978	0.08355614973
979	0.08355614973
980	0.08355614973
981	0.08355614973
982	0.08355614973
983	0.08368983957
984	0.08382352941
985	0.08409090909
986	0.08409090909
987	0.08395721925
988	0.08395721925
989	0.08395721925
990	0.08395721925
991	0.08382352941
992	0.08395721925
993	0.08395721925
994	0.08395721925
995	0.08409090909
996	0.08409090909
997	0.08435828877
998	0.08435828877
999	0.08435828877
1000	0.08435828877
1001	0.08422459893
1002	0.08435828877
1003	0.08462566845
1004	0.08449197861
1005	0.08462566845
1006	0.08475935829
1007	0.08475935829
1008	0.08489304813
1009	0.08489304813
1010	0.08475935829
1011	0.08475935829
1012	0.08475935829
1013	0.08475935829
1014	0.08475935829
1015	0.08475935829
1016	0.08475935829
1017	0.08475935829
1018	0.08475935829
1019	0.08489304813
1020	0.08475935829
1021	0.08489304813
1022	0.08489304813
1023	0.08489304813
1024	0.08502673797
1025	0.08502673797
1026	0.08502673797
1027	0.08502673797
1028	0.08502673797
1029	0.08489304813
1030	0.08489304813
1031	0.08489304813
1032	0.08489304813
1033	0.08489304813
1034	0.08502673797
1035	0.08475935829
1036	0.08489304813
1037	0.08489304813
1038	0.08489304813
1039	0.08489304813
1040	0.08489304813
1041	0.08489304813
1042	0.08502673797
1043	0.08502673797
1044	0.08489304813
1045	0.08475935829
1046	0.08475935829
1047	0.08475935829
1048	0.08475935829
1049	0.08475935829
1050	0.08502673797
1051	0.08502673797
1052	0.08502673797
1053	0.08502673797
1054	0.08502673797
1055	0.08516042781
1056	0.08516042781
1057	0.08516042781
1058	0.08516042781
1059	0.08516042781
1060	0.08516042781
1061	0.08516042781
1062	0.08516042781
1063	0.08542780749
1064	0.08542780749
1065	0.08529411765
1066	0.08529411765
1067	0.08542780749
1068	0.08542780749
1069	0.08542780749
1070	0.08542780749
1071	0.08542780749
1072	0.08542780749
1073	0.08556149733
1074	0.08556149733
1075	0.08556149733
1076	0.08556149733
1077	0.08542780749
1078	0.08542780749
1079	0.08569518717
1080	0.08569518717
1081	0.08582887701
1082	0.08582887701
1083	0.08569518717
1084	0.08582887701
1085	0.08596256684
1086	0.08609625668
1087	0.08609625668
1088	0.08622994652
1089	0.08622994652
1090	0.08609625668
1091	0.08609625668
1092	0.08596256684
1093	0.08596256684
1094	0.08596256684
1095	0.08596256684
1096	0.08596256684
1097	0.08582887701
1098	0.08582887701
1099	0.08582887701
1100	0.08582887701
1101	0.08582887701
1102	0.08596256684
1103	0.08596256684
1104	0.08596256684
1105	0.08582887701
1106	0.08596256684
1107	0.08596256684
1108	0.08596256684
1109	0.08596256684
1110	0.08609625668
1111	0.08609625668
1112	0.08622994652
1113	0.08636363636
1114	0.08636363636
1115	0.0864973262
1116	0.0864973262
1117	0.08636363636
1118	0.0864973262
1119	0.08636363636
1120	0.0864973262
1121	0.08622994652
1122	0.0864973262
1123	0.08636363636
1124	0.0864973262
1125	0.0864973262
1126	0.08676470588
1127	0.08676470588
1128	0.08676470588
1129	0.08676470588
1130	0.08676470588
1131	0.08663101604
1132	0.08663101604
1133	0.08676470588
1134	0.08663101604
1135	0.08663101604
1136	0.08663101604
1137	0.08663101604
1138	0.08663101604
1139	0.08689839572
1140	0.08689839572
1141	0.08676470588
1142	0.08689839572
1143	0.08689839572
1144	0.08676470588
1145	0.08676470588
1146	0.08676470588
1147	0.08676470588
1148	0.08676470588
1149	0.08689839572
1150	0.08689839572
1151	0.08689839572
1152	0.08689839572
1153	0.08703208556
1154	0.08689839572
1155	0.08703208556
1156	0.08703208556
1157	0.0871657754
1158	0.0871657754
1159	0.08743315508
1160	0.08743315508
1161	0.08743315508
1162	0.08743315508
1163	0.08743315508
1164	0.08743315508
1165	0.08756684492
1166	0.08756684492
1167	0.08756684492
1168	0.08756684492
1169	0.08770053476
1170	0.08770053476
1171	0.08770053476
1172	0.08770053476
1173	0.0878342246
1174	0.0878342246
1175	0.0878342246
1176	0.0878342246
1177	0.0878342246
1178	0.0878342246
1179	0.0878342246
1180	0.0878342246
1181	0.08836898396
1182	0.08863636364
1183	0.08863636364
1184	0.08863636364
1185	0.08863636364
1186	0.08863636364
1187	0.08863636364
1188	0.08863636364
1189	0.08863636364
1190	0.08863636364
1191	0.08836898396
1192	0.08836898396
1193	0.08836898396
1194	0.08863636364
1195	0.08863636364
1196	0.08877005348
1197	0.08877005348
1198	0.08877005348
1199	0.08877005348
1200	0.08877005348
1201	0.08877005348
1202	0.08877005348
1203	0.08877005348
1204	0.08890374332
1205	0.08890374332
1206	0.08890374332
1207	0.08890374332
1208	0.08890374332
1209	0.08903743316
1210	0.08903743316
1211	0.08903743316
1212	0.08890374332
1213	0.08890374332
1214	0.08877005348
1215	0.08890374332
1216	0.08903743316
1217	0.08930481283
1218	0.08917112299
1219	0.08943850267
1220	0.08930481283
1221	0.08943850267
1222	0.08943850267
1223	0.08943850267
1224	0.08943850267
1225	0.08943850267
1226	0.08930481283
1227	0.08943850267
1228	0.08943850267
1229	0.08943850267
1230	0.08943850267
1231	0.08943850267
1232	0.08943850267
1233	0.08943850267
1234	0.08957219251
1235	0.08983957219
1236	0.08970588235
1237	0.08970588235
1238	0.08957219251
1239	0.08943850267
1240	0.08943850267
1241	0.08930481283
1242	0.08930481283
1243	0.08930481283
1244	0.08930481283
1245	0.08943850267
1246	0.08957219251
1247	0.08957219251
1248	0.08943850267
1249	0.08943850267
1250	0.08957219251
1251	0.08970588235
1252	0.08970588235
1253	0.08983957219
1254	0.08983957219
1255	0.08983957219
1256	0.08983957219
1257	0.08983957219
1258	0.08983957219
1259	0.08983957219
1260	0.08983957219
1261	0.08997326203
1262	0.08997326203
1263	0.08997326203
1264	0.09010695187
1265	0.09010695187
1266	0.08997326203
1267	0.08983957219
1268	0.08970588235
1269	0.08983957219
1270	0.08983957219
1271	0.08983957219
1272	0.08997326203
1273	0.09024064171
1274	0.09037433155
1275	0.09037433155
1276	0.09037433155
1277	0.09037433155
1278	0.09037433155
1279	0.09037433155
1280	0.09037433155
1281	0.09037433155
1282	0.09037433155
1283	0.09037433155
1284	0.09037433155
1285	0.09024064171
1286	0.09024064171
1287	0.09024064171
1288	0.09010695187
1289	0.09024064171
1290	0.09024064171
1291	0.09024064171
1292	0.09024064171
1293	0.09024064171
1294	0.09037433155
1295	0.09024064171
1296	0.09010695187
1297	0.09010695187
1298	0.09010695187
1299	0.09024064171
1300	0.09024064171
1301	0.09024064171
1302	0.09024064171
1303	0.09037433155
1304	0.09050802139
1305	0.09050802139
1306	0.09037433155
1307	0.09064171123
1308	0.09090909091
1309	0.09077540107
1310	0.09077540107
1311	0.09090909091
1312	0.09090909091
1313	0.09090909091
1314	0.09090909091
1315	0.09090909091
1316	0.09090909091
1317	0.09090909091
1318	0.09090909091
1319	0.09090909091
1320	0.09090909091
1321	0.09090909091
1322	0.09090909091
1323	0.09077540107
1324	0.09077540107
1325	0.09077540107
1326	0.09077540107
1327	0.09077540107
1328	0.09077540107
1329	0.09077540107
1330	0.09077540107
1331	0.09077540107
1332	0.09090909091
1333	0.09104278075
1334	0.09104278075
1335	0.09117647059
1336	0.09104278075
1337	0.09117647059
1338	0.09104278075
1339	0.09117647059
1340	0.09117647059
1341	0.09117647059
1342	0.09117647059
1343	0.09117647059
1344	0.09117647059
1345	0.09131016043
1346	0.09131016043
1347	0.09131016043
1348	0.09117647059
1349	0.09104278075
1350	0.09104278075
1351	0.09104278075
1352	0.09117647059
1353	0.09131016043
1354	0.09131016043
1355	0.09131016043
1356	0.09131016043
1357	0.09131016043
1358	0.09131016043
1359	0.09131016043
1360	0.09131016043
1361	0.09131016043
1362	0.09131016043
1363	0.09131016043
1364	0.09131016043
1365	0.09144385027
1366	0.09144385027
1367	0.09157754011
1368	0.09157754011
1369	0.09157754011
1370	0.09157754011
1371	0.09157754011
1372	0.09171122995
1373	0.09184491979
1374	0.09184491979
1375	0.09184491979
1376	0.09197860963
1377	0.09197860963
1378	0.09211229947
1379	0.09197860963
1380	0.09184491979
1381	0.09184491979
1382	0.09197860963
1383	0.09197860963
1384	0.09184491979
1385	0.09211229947
1386	0.09211229947
1387	0.09211229947
1388	0.0922459893
1389	0.0922459893
1390	0.09251336898
1391	0.0922459893
1392	0.0922459893
1393	0.09211229947
1394	0.0922459893
1395	0.0922459893
1396	0.09237967914
1397	0.09251336898
1398	0.09237967914
1399	0.09237967914
1400	0.09251336898
1401	0.09237967914
1402	0.09237967914
1403	0.0922459893
1404	0.09237967914
1405	0.09251336898
1406	0.09237967914
1407	0.09237967914
1408	0.09237967914
1409	0.09237967914
1410	0.09237967914
1411	0.09251336898
1412	0.09251336898
1413	0.09251336898
1414	0.09251336898
1415	0.09264705882
1416	0.09264705882
1417	0.09278074866
1418	0.09278074866
1419	0.09278074866
1420	0.09278074866
1421	0.0929144385
1422	0.09278074866
1423	0.0929144385
1424	0.09278074866
1425	0.09264705882
1426	0.09278074866
1427	0.09304812834
1428	0.09304812834
1429	0.0929144385
1430	0.0929144385
1431	0.0929144385
1432	0.0929144385
1433	0.09304812834
1434	0.09304812834
1435	0.09304812834
1436	0.09304812834
1437	0.09304812834
1438	0.09304812834
1439	0.09304812834
1440	0.09331550802
1441	0.09331550802
1442	0.09331550802
1443	0.09318181818
1444	0.09331550802
1445	0.09318181818
1446	0.09318181818
1447	0.09331550802
1448	0.09331550802
1449	0.09331550802
1450	0.09331550802
1451	0.09331550802
1452	0.09331550802
1453	0.09331550802
1454	0.09318181818
1455	0.09318181818
1456	0.09331550802
1457	0.09331550802
1458	0.09331550802
1459	0.0935828877
1460	0.09344919786
1461	0.09385026738
1462	0.09385026738
1463	0.09398395722
1464	0.09411764706
1465	0.09411764706
1466	0.09398395722
1467	0.09411764706
1468	0.09411764706
1469	0.09411764706
1470	0.09411764706
1471	0.09411764706
1472	0.09411764706
1473	0.0942513369
1474	0.09411764706
1475	0.0942513369
1476	0.0942513369
1477	0.0942513369
1478	0.0942513369
1479	0.0942513369
1480	0.0942513369
1481	0.09438502674
1482	0.09438502674
1483	0.09438502674
1484	0.09438502674
1485	0.09438502674
1486	0.09451871658
1487	0.09465240642
1488	0.09451871658
1489	0.09465240642
1490	0.09465240642
1491	0.09465240642
1492	0.09465240642
1493	0.09451871658
1494	0.09451871658
1495	0.09438502674
1496	0.09438502674
1497	0.09438502674
1498	0.09438502674
1499	0.09451871658
1500	0.09438502674
1501	0.09451871658
1502	0.09465240642
1503	0.09465240642
1504	0.09465240642
1505	0.09465240642
1506	0.09465240642
1507	0.09465240642
1508	0.09465240642
1509	0.09465240642
1510	0.09465240642
1511	0.09465240642
1512	0.09465240642
1513	0.09465240642
1514	0.09478609626
1515	0.09478609626
1516	0.09478609626
1517	0.0949197861
1518	0.0949197861
1519	0.0949197861
1520	0.09505347594
1521	0.09505347594
1522	0.09505347594
1523	0.0949197861
1524	0.09505347594
1525	0.09505347594
1526	0.09505347594
1527	0.09518716578
1528	0.09505347594
1529	0.09505347594
1530	0.0949197861
1531	0.09505347594
1532	0.0949197861
1533	0.09478609626
1534	0.09478609626
1535	0.0949197861
1536	0.0949197861
1537	0.0949197861
1538	0.0949197861
1539	0.0949197861
1540	0.09505347594
1541	0.09505347594
1542	0.09505347594
1543	0.09532085561
1544	0.09532085561
1545	0.09532085561
1546	0.09532085561
1547	0.09532085561
1548	0.09572192513
1549	0.09558823529
1550	0.09558823529
1551	0.09558823529
1552	0.09558823529
1553	0.09558823529
1554	0.09558823529
1555	0.09572192513
1556	0.09558823529
1557	0.09558823529
1558	0.09545454545
1559	0.09558823529
1560	0.09545454545
1561	0.09545454545
1562	0.09545454545
1563	0.09545454545
1564	0.09558823529
1565	0.09558823529
1566	0.09545454545
1567	0.09545454545
1568	0.09532085561
1569	0.09518716578
1570	0.09532085561
1571	0.09545454545
1572	0.09545454545
1573	0.09572192513
1574	0.09585561497
1575	0.09572192513
1576	0.09585561497
1577	0.09558823529
1578	0.09558823529
1579	0.09572192513
1580	0.09572192513
1581	0.09572192513
1582	0.09572192513
1583	0.09585561497
1584	0.09598930481
1585	0.09612299465
1586	0.09598930481
1587	0.09612299465
1588	0.09612299465
1589	0.09612299465
1590	0.09612299465
1591	0.09612299465
1592	0.09625668449
1593	0.09625668449
1594	0.09625668449
1595	0.09625668449
1596	0.09639037433
1597	0.09639037433
1598	0.09639037433
1599	0.09625668449
1600	0.09625668449
1601	0.09639037433
1602	0.09652406417
1603	0.09652406417
1604	0.09639037433
1605	0.09639037433
1606	0.09665775401
1607	0.09665775401
1608	0.09665775401
1609	0.09679144385
1610	0.09665775401
1611	0.09665775401
1612	0.09665775401
1613	0.09679144385
1614	0.09679144385
1615	0.09679144385
1616	0.09679144385
1617	0.09679144385
1618	0.09679144385
1619	0.09679144385
1620	0.09679144385
1621	0.09679144385
1622	0.09679144385
1623	0.09679144385
1624	0.09679144385
1625	0.09679144385
1626	0.09679144385
1627	0.09679144385
1628	0.09679144385
1629	0.09692513369
1630	0.09679144385
1631	0.09692513369
1632	0.09692513369
1633	0.09692513369
1634	0.09705882353
1635	0.09705882353
1636	0.09705882353
1637	0.09705882353
1638	0.09705882353
1639	0.09692513369
1640	0.09692513369
1641	0.09692513369
1642	0.09705882353
1643	0.09705882353
1644	0.09719251337
1645	0.09732620321
1646	0.09745989305
1647	0.09732620321
1648	0.09719251337
1649	0.09732620321
1650	0.09745989305
1651	0.09745989305
1652	0.09745989305
1653	0.09745989305
1654	0.09745989305
1655	0.09745989305
1656	0.09745989305
1657	0.09732620321
1658	0.09732620321
1659	0.09732620321
1660	0.09732620321
1661	0.09732620321
1662	0.09732620321
1663	0.09719251337
1664	0.09732620321
1665	0.09732620321
1666	0.09745989305
1667	0.09745989305
1668	0.09759358289
1669	0.09772727273
1670	0.09772727273
1671	0.09772727273
1672	0.09772727273
1673	0.09786096257
1674	0.09786096257
1675	0.09786096257
1676	0.09759358289
1677	0.09786096257
1678	0.09772727273
1679	0.09772727273
1680	0.09786096257
1681	0.09786096257
1682	0.09786096257
1683	0.09786096257
1684	0.09799465241
1685	0.09799465241
1686	0.09799465241
1687	0.09799465241
1688	0.09786096257
1689	0.09786096257
1690	0.09786096257
1691	0.09786096257
1692	0.09786096257
1693	0.09786096257
1694	0.09786096257
1695	0.09786096257
1696	0.09786096257
1697	0.09772727273
1698	0.09786096257
1699	0.09786096257
1700	0.09786096257
1701	0.09786096257
1702	0.09786096257
1703	0.09786096257
1704	0.09786096257
1705	0.09786096257
1706	0.09786096257
1707	0.09786096257
1708	0.09786096257
1709	0.09786096257
1710	0.09786096257
1711	0.09786096257
1712	0.09786096257
1713	0.09786096257
1714	0.09786096257
1715	0.09799465241
1716	0.09786096257
1717	0.09786096257
1718	0.09786096257
1719	0.09786096257
1720	0.09786096257
1721	0.09786096257
1722	0.09786096257
1723	0.09786096257
1724	0.09786096257
1725	0.09786096257
1726	0.09786096257
1727	0.09799465241
1728	0.09786096257
1729	0.09799465241
1730	0.09812834225
1731	0.09826203209
1732	0.09826203209
1733	0.09812834225
1734	0.09826203209
1735	0.09826203209
1736	0.09826203209
1737	0.09826203209
1738	0.09826203209
1739	0.09826203209
1740	0.09826203209
1741	0.09826203209
1742	0.09839572193
1743	0.09852941176
1744	0.09852941176
1745	0.09852941176
1746	0.09852941176
1747	0.09852941176
1748	0.0986631016
1749	0.0986631016
1750	0.09852941176
1751	0.09852941176
1752	0.09852941176
1753	0.0986631016
1754	0.0986631016
1755	0.09879679144
1756	0.0986631016
1757	0.09879679144
1758	0.09879679144
1759	0.09879679144
1760	0.09879679144
1761	0.0986631016
1762	0.0986631016
1763	0.0986631016
1764	0.09879679144
1765	0.09879679144
1766	0.09879679144
1767	0.09879679144
1768	0.0986631016
1769	0.0986631016
1770	0.0986631016
1771	0.09893048128
1772	0.09893048128
1773	0.09893048128
1774	0.09893048128
1775	0.09893048128
1776	0.09893048128
1777	0.09893048128
1778	0.09893048128
1779	0.09893048128
1780	0.09893048128
1781	0.09893048128
1782	0.09893048128
1783	0.09893048128
1784	0.09893048128
1785	0.09893048128
1786	0.09893048128
1787	0.09893048128
1788	0.09893048128
1789	0.09906417112
1790	0.09919786096
1791	0.09906417112
1792	0.09906417112
1793	0.0993315508
1794	0.0993315508
1795	0.0993315508
1796	0.09946524064
1797	0.09946524064
1798	0.09946524064
1799	0.09959893048
1800	0.09946524064
1801	0.09946524064
1802	0.09946524064
1803	0.09959893048
1804	0.09986631016
1805	0.09986631016
1806	0.09959893048
1807	0.09959893048
1808	0.09959893048
1809	0.09973262032
1810	0.09986631016
1811	0.09986631016
1812	0.09986631016
1813	0.09986631016
1814	0.09986631016
1815	0.1
1816	0.1001336898
1817	0.09986631016
1818	0.09986631016
1819	0.09986631016
1820	0.09986631016
1821	0.09986631016
1822	0.1
1823	0.1001336898
1824	0.1002673797
1825	0.1002673797
1826	0.1002673797
1827	0.1001336898
1828	0.1
1829	0.1
1830	0.1
1831	0.1002673797
1832	0.1004010695
1833	0.1002673797
1834	0.1004010695
1835	0.1004010695
1836	0.1005347594
1837	0.1005347594
1838	0.1006684492
1839	0.1004010695
1840	0.1002673797
1841	0.1005347594
1842	0.1004010695
1843	0.1004010695
1844	0.1004010695
1845	0.1002673797
1846	0.1004010695
1847	0.1005347594
1848	0.1005347594
1849	0.1005347594
1850	0.1005347594
1851	0.1005347594
1852	0.1006684492
1853	0.100802139
1854	0.1005347594
1855	0.1005347594
1856	0.1005347594
1857	0.1005347594
1858	0.1005347594
1859	0.1005347594
1860	0.1005347594
1861	0.1005347594
1862	0.1005347594
1863	0.1005347594
1864	0.1006684492
1865	0.100802139
1866	0.100802139
1867	0.1006684492
1868	0.1006684492
1869	0.1006684492
1870	0.1006684492
1871	0.1006684492
1872	0.1006684492
1873	0.1006684492
1874	0.1006684492
1875	0.1006684492
1876	0.1006684492
1877	0.1006684492
1878	0.100802139
1879	0.100802139
1880	0.100802139
1881	0.100802139
1882	0.1009358289
1883	0.100802139
1884	0.100802139
1885	0.1009358289
1886	0.1009358289
1887	0.1009358289
1888	0.1010695187
1889	0.1010695187
1890	0.1010695187
1891	0.1010695187
1892	0.1010695187
1893	0.1010695187
1894	0.1010695187
1895	0.1010695187
1896	0.1010695187
1897	0.1010695187
1898	0.1010695187
1899	0.1010695187
1900	0.1010695187
1901	0.1010695187
1902	0.1010695187
1903	0.1010695187
1904	0.1010695187
1905	0.1010695187
1906	0.1010695187
1907	0.1010695187
1908	0.1010695187
1909	0.1012032086
1910	0.1012032086
1911	0.1012032086
1912	0.1010695187
1913	0.1010695187
1914	0.1010695187
1915	0.1010695187
1916	0.1010695187
1917	0.1012032086
1918	0.1013368984
1919	0.1013368984
1920	0.1012032086
1921	0.1013368984
1922	0.1013368984
1923	0.1013368984
1924	0.1014705882
1925	0.1013368984
1926	0.1013368984
1927	0.1013368984
1928	0.1014705882
1929	0.1016042781
1930	0.1016042781
1931	0.1016042781
1932	0.1014705882
1933	0.1014705882
1934	0.1014705882
1935	0.1014705882
1936	0.1016042781
1937	0.1016042781
1938	0.1016042781
1939	0.1016042781
1940	0.1016042781
1941	0.1016042781
1942	0.1016042781
1943	0.1016042781
1944	0.1016042781
1945	0.1016042781
1946	0.1016042781
1947	0.1017379679
1948	0.1017379679
1949	0.1017379679
1950	0.1018716578
1951	0.1018716578
1952	0.1018716578
1953	0.1018716578
1954	0.1018716578
1955	0.1018716578
1956	0.1018716578
1957	0.1018716578
1958	0.1018716578
1959	0.1020053476
1960	0.1020053476
1961	0.1020053476
1962	0.1020053476
1963	0.1021390374
1964	0.1021390374
1965	0.1022727273
1966	0.1024064171
1967	0.1024064171
1968	0.1024064171
1969	0.102540107
1970	0.102540107
1971	0.1024064171
1972	0.1024064171
1973	0.1024064171
1974	0.1024064171
1975	0.1024064171
1976	0.1024064171
1977	0.1024064171
1978	0.102540107
1979	0.1026737968
1980	0.1026737968
1981	0.102540107
1982	0.1028074866
1983	0.1028074866
1984	0.1026737968
1985	0.1028074866
1986	0.1028074866
1987	0.1028074866
1988	0.1028074866
1989	0.1028074866
1990	0.1028074866
1991	0.1028074866
1992	0.1028074866
1993	0.1028074866
1994	0.1028074866
1995	0.1029411765
1996	0.1028074866
1997	0.1028074866
1998	0.1028074866
1999	0.1028074866
